firm,firm_slug,domain,confidence,reason,gaps,artifact_path,queued_at
Advent International,advent,adventinternational.com,low,research confidence is low,no citable content found for campus_or_early_careers_programs; no citable content found for recruiting_timeline_signals; no citable content found for existing_student_org_partnerships; no careers page found on the firm's domain; no university_recruiting page found on the firm's domain,research/out/advent.json,2026-08-13T05:05:24+00:00
Audax Group,audax,audaxgroup.com,low,research confidence is low,no citable content found for campus_or_early_careers_programs; no citable content found for recruiting_timeline_signals; no citable content found for offices_and_regions; no citable content found for existing_student_org_partnerships; no citable content found for recent_relevant_news; no careers page found on the firm's domain,research/out/audax.json,2026-08-14T04:31:51+00:00
Coatue Management,coatue,coatue.com,low,research confidence is low,no citable content found for campus_or_early_careers_programs; no citable content found for recruiting_timeline_signals; no citable content found for offices_and_regions; no citable content found for existing_student_org_partnerships; no careers page found on the firm's domain; no university_recruiting page found on the firm's domain,research/out/coatue.json,2026-08-14T04:31:57+00:00
The Jordan Company,jordan,thejordancompany.com,low,research confidence is low,no citable content found for campus_or_early_careers_programs; no citable content found for recruiting_timeline_signals; no citable content found for offices_and_regions; no citable content found for existing_student_org_partnerships; no citable content found for recent_relevant_news; no careers page found on the firm's domain,research/out/jordan.json,2026-08-14T04:31:59+00:00
Alger,alger,alger.com,low,no alignment hooks with a source_url,no citable content found for values_themes; no citable content found for campus_or_early_careers_programs; no citable content found for recruiting_timeline_signals; no citable content found for offices_and_regions; no citable content found for asset_classes; no citable content found for existing_student_org_partnerships,research/out/alger.json,2026-08-14T04:32:05+00:00
ClearBridge Investments,clearbridge,clearbridge.com,low,no alignment hooks with a source_url,no citable content found for values_themes; no citable content found for campus_or_early_careers_programs; no citable content found for recruiting_timeline_signals; no citable content found for offices_and_regions; no citable content found for asset_classes; no citable content found for existing_student_org_partnerships,research/out/clearbridge.json,2026-08-14T04:32:05+00:00
Makena Capital Management,makena,makenacapital.com,low,research confidence is low,no citable content found for campus_or_early_careers_programs; no citable content found for recruiting_timeline_signals; no citable content found for offices_and_regions; no citable content found for existing_student_org_partnerships; no careers page found on the firm's domain; no university_recruiting page found on the firm's domain,research/out/makena.json,2026-08-14T04:32:06+00:00
The Raine Group,raine,raine.com,low,research confidence is low,no citable content found for campus_or_early_careers_programs; no citable content found for recruiting_timeline_signals; no citable content found for existing_student_org_partnerships; no citable content found for recent_relevant_news; no careers page found on the firm's domain; no university_recruiting page found on the firm's domain,research/out/raine.json,2026-08-14T04:32:19+00:00
TD Bank,td_bank,td.com,low,research confidence is low,no citable content found for campus_or_early_careers_programs; no citable content found for recruiting_timeline_signals; no citable content found for offices_and_regions; no citable content found for asset_classes; no citable content found for existing_student_org_partnerships; no citable content found for recent_relevant_news,research/out/td_bank.json,2026-08-14T04:32:20+00:00
